lat,lon
-11.850000000011315,-76.66694444444745
-11.850000001203998,-76.62680555582733
-11.85004629686499,-76.69393518525115
-11.850104167253077,-76.63315972238406
-11.850138889168182,-76.73847222226225
-11.85027777789134,-76.7162500000274
-11.850138889167493,-76.69791666670463
-11.850347222460945,-76.67291666656105
-11.850250000244076,-76.6629999999367
-11.850277777789094,-76.63472222222516
-11.85027777778908,-76.62361111111403
-11.850388889149736,-76.73405555551551
-11.850347222134394,-76.70840277767319
-11.8506944444897,-76.666250000012
-11.850694444387464,-76.65722222221068
-11.850555555839502,-76.6225000000642
-11.850833333344632,-76.73472222222534
-11.850833333344662,-76.66361111111411
-11.850763889019385,-76.63527777782348
-11.85111111112243,-76.72583333333644
-11.851111111224688,-76.72486111113864
-11.85111111139509,-76.66305555562136
-11.851388888718086,-76.65666666663095
-11.851388888900171,-76.66361111111411
-11.85185185188242,-76.70981481477513
-11.851944444728414,-76.66500000006589
-11.852222222335794,-76.66569444447104
-11.852222222233534,-76.63583333333628
-11.851722221823644,-76.66998611175421
-11.852708333245305,-76.69298611100658
-11.85250000082935,-76.66722222241417
-11.852916667120954,-76.66875000010657
-11.85139550183982,-76.72722222115858
-11.85341666657044,-76.669805555719
-11.853333333344654,-76.65666666666965
-11.853749999942973,-76.72749999998797
-11.853611111122444,-76.65638888889188
-11.854166666677981,-76.63777777778073
-11.854166666677985,-76.6316666666696
-11.85347685276027,-76.67414814901262
-11.854861111054097,-76.72777777776574
-11.855416666500968,-76.67861111128056
-11.855000000011312,-76.66944444444745
-11.855277777789087,-76.62583333333626
-11.855277777789086,-76.62500000000291
-11.855277777789098,-76.62305555555848
-11.85566666683022,-76.6750555555651
-11.85555555556689,-76.65527777778077
-11.855763889034018,-76.62451388904151
-11.855833333344652,-76.63833333333628
-11.856111111011325,-76.68034722221856
-11.856388888900193,-76.63972222222517
-11.856388888900202,-76.6238888888918
-11.856666666677985,-76.62250000000292
-11.856877103840773,-76.67346801548678
-11.856851851568292,-76.62310185219293
-11.856944444455758,-76.64166666666962
-11.857222222233554,-76.6419444444474
-11.857500000011319,-76.70611111111418
-11.855622606552176,-76.63979884699926
-11.857148147593096,-76.61727777782532
-11.857777777789094,-76.67166666666968
-11.857777777891393,-76.64180555558177
-11.857777777789101,-76.63777777778073
-11.85791666660965,-76.62194444443315
-11.85819444438742,-76.6166666666554
-11.858055555566867,-76.60861111111402
-11.858333333344646,-76.6891666666697
-11.858333333344648,-76.68694444444748
-11.85850000013733,-76.64005555563782
-11.85833333326514,-76.63819444431216
-11.85888888900251,-76.63875000002616
-11.858858024785578,-76.6209567904001
-11.85916666667798,-76.68861111111414
-11.859444444455752,-76.63888888889184
-11.859861111054075,-76.67249999998835
-11.860138888996909,-76.68499999994063
-11.860694444387397,-76.70249999998815
-11.860740740770902,-76.64898148144124
-11.860833333446964,-76.64208333335954
-11.861111111122423,-76.67222222222523
-11.859962460495927,-76.61730480398333
-11.861203703710828,-76.68453703710578
-11.85537095525713,-76.63398746872625
-11.861944444455759,-76.69027777778082
-11.862277777705996,-76.68469444492645
-11.861944444455776,-76.63888888889184
-11.862222222233543,-76.69138888889194
-11.862222222335879,-76.69069444447143
-11.862500000011313,-76.69111111111414
-11.863055555566882,-76.69000000000302
-11.863611111122433,-76.6891666666697
-11.864166666678003,-76.68750000000304
-11.864444444344592,-76.68048611110746
-11.86336419573523,-76.67904321096754
-11.865061728000374,-76.60012345665398
-11.86500000011369,-76.68763888891583
-11.86522222214481,-76.6816666667927
-11.865000000011337,-76.665000000003
-11.866967592431328,-76.69141203768605
-11.866388888900222,-76.64527777778073
-11.866296296326192,-76.6128703703298
-11.866944444455779,-76.62055555555847
-11.866759258964432,-76.61918981475614
-11.86768518519231,-76.68712962969843
-11.867638888934184,-76.68291666667878
-11.86777777778911,-76.68055555555857
-11.867777777891469,-76.61236111113685
-11.867777777891492,-76.60930555558124
-11.864594359795305,-76.62044752690743
-11.867694444540792,-76.62356944489052
-11.86545688835846,-76.68621236591811
-11.868015872947087,-76.64496031718343
-11.868055555566894,-76.62611111111403
-11.86855555547245,-76.6903888889495
-11.86833333334466,-76.62583333333626
-11.868333333447044,-76.62097222224808
-11.86935185185958,-76.60379629636438
-11.869444444455766,-76.60277777778066
-11.869722222233555,-76.6983333333364
-11.86972222223356,-76.69000000000302
-11.870000000011323,-76.60444444444734
-11.869761904576398,-76.69170634971988
-11.869876543009878,-76.68231481525649
-11.870479797315816,-76.67500000042901
-11.864572984632765,-76.64327150232135
-11.870555555566863,-76.71777777778087
-11.871180555713511,-76.62055555576276
-11.87111111112244,-76.64527777778073
-11.870743587675364,-76.61812820268501
-11.872361111054014,-76.68027777776608
-11.872407407414958,-76.62712962969793
-11.872638888940676,-76.62861111126075
-11.872962962679804,-76.60587962997099
-11.872916666888754,-76.6518055556879
-11.873148148155208,-76.69648148155038
-11.87305555556689,-76.62444444444738
-11.873055555566893,-76.62305555555848
-11.87347222216513,-76.68861111109935
-11.873472222165134,-76.61972222221094
-11.873611111122454,-76.6163888888918
-11.873611111122456,-76.60833333333623
-11.874166666552037,-76.64958333347988
-11.873585859038185,-76.62863636321357
-11.874166666597974,-76.61708333332136
-11.874305555498452,-76.64499999998856
-11.874444444455788,-76.62444444444738
-11.874181285233044,-76.69460526383325
-11.86241655865485,-76.60695529648548
-11.875277778044026,-76.70194444416215
-11.87569444489956,-76.69208333344139
-11.875972222165112,-76.69305555554378
-11.876111111122432,-76.64916666666963
-11.876666666678004,-76.64666666666963
-11.876666666677988,-76.61694444444734
-11.873994465449814,-76.69853476166892
-11.872502302085705,-76.6476030054745
-11.876617284055845,-76.60874074285505
-11.875922617864353,-76.64575396733238
-11.876944444455773,-76.61666666666957
-11.876944444455782,-76.60638888889177
-11.877478068466514,-76.62078947347027
-11.877222222233566,-76.61305555555846
-11.877500000113786,-76.60652777780341
-11.877777777789122,-76.68138888889192
-11.876388886907442,-76.61564444791534
-11.878055555566888,-76.70000000000307
-11.87874999994287,-76.71249999998808
-11.878611111122426,-76.64638888889185
-11.878888888900203,-76.64861111111406
-11.877858795274674,-76.64960648041586
-11.879305555498439,-76.65083333332184
-11.879444444455778,-76.64722222222518
-11.879861111053971,-76.65055555554406
-11.87972222223357,-76.64611111111407
-11.879675925247048,-76.6213657401435
-11.880000000011329,-76.6188888888918
-11.880277777789098,-76.64666666666962
-11.881388888900231,-76.65055555555853
-11.881481481489066,-76.62203703710534
-11.881666666780488,-76.62375000002591
-11.882222222233583,-76.69611111111416
-11.8821296296596,-76.62231481477424
-11.88277777778912,-76.60916666666955
-11.882916666609523,-76.6074999999888
-11.883055555566889,-76.70861111111418
-11.883055555566903,-76.62416666666958
-11.882139476740141,-76.65136524595952
-11.883333333361428,-76.60847222228406
-11.883611111122452,-76.70666666666975
-11.883611111122455,-76.70611111111417
-11.883134919992992,-76.6058829378717
-11.883888888900222,-76.71166666666976
-11.883888888900218,-76.70638888889196
-11.884285714167655,-76.60674603159421
-11.88444444445578,-76.65138888889186
-11.884722222233565,-76.71138888889196
-11.884722222336096,-76.61013888891458
-11.885416666609508,-76.65166666665516
-11.885208334079271,-76.60819444464879
-11.885256410617057,-76.60573717932684
-11.886111111122453,-76.65194444444741
-11.886388888900242,-76.60694444444734
-11.886666666677998,-76.71083333333641
-11.886701389026884,-76.60774305575367
-11.886666666677998,-76.60444444444734
-11.886944444455795,-76.60694444444735
-11.887361111053949,-76.60861111109992
-11.887500000011366,-76.60500000000289
-11.888055555566885,-76.64694444444741
-11.888148148178038,-76.60546296292222
-11.888611111122474,-76.60527777778067
-11.889861111053923,-76.65416666665516
-11.889861111053934,-76.65333333332183
-11.890277777789128,-76.606111111114
-11.891111111122465,-76.65666666666964
-11.891111111122445,-76.65388888889186
-11.891111111122454,-76.60388888889176
-11.891388888900229,-76.61111111111401
-11.891388888900224,-76.606111111114
-11.891450617537707,-76.60317901231157
-11.89166666667802,-76.65694444444742
-11.891666666678017,-76.60638888889177
-11.891944444455778,-76.61166666666955
-11.891944444455794,-76.60250000000288
-11.892222222233553,-76.71916666666975
-11.892222222336148,-76.65763888891534
-11.892638888831677,-76.71888888887692
-11.892500000011363,-76.65666666666965
-11.892777777789119,-76.72194444444754
-11.892777777891693,-76.7176388889163
-11.891715277322119,-76.65536805362079
-11.892777777891691,-76.60791666669232
-11.89319444438725,-76.60861111109992
-11.893333333447254,-76.68291666669353
-11.893333333344685,-76.65027777778074
-11.893518518549206,-76.72231481477503
-11.893611111122436,-76.72166666666976
-11.893888888900245,-76.66166666666966
-11.894166666678014,-76.65194444444741
-11.894444444455797,-76.6533333333363
-11.893929738151245,-76.65782679593192
-11.895138888557433,-76.65361111104166
-11.895000000011361,-76.68194444444747
-11.895520833015137,-76.68027777822508
-11.89516414122796,-76.6519696977488
-11.895499999922396,-76.68133333360039
-11.89555555556691,-76.67638888889189
-11.89563131350802,-76.6599494946833
-11.896388888900237,-76.68055555555857
-11.896388888900248,-76.67972222222525
-11.896388889002866,-76.66319444447099
-11.896527777720559,-76.66111111109954
-11.896666666678007,-76.66388888889189
-11.896805555498332,-76.67944444443275
-11.897083333276107,-76.67999999998831
-11.896944444455789,-76.66416666666967
-11.897222222233598,-76.67916666666967
-11.897546296295598,-76.66231481489969
-11.897717391590998,-76.67786231848319
-11.89768518521545,-76.66120370366338
-11.897722222234732,-76.66502777712182
-11.89833333334467,-76.66472222222521
-11.898888888900247,-76.66222222222521
-11.899166666678017,-76.665000000003
-11.899652778016973,-76.66374999989289
-11.890898941480991,-76.65263649181928
-11.902037037044348,-76.6645370371058
-11.90250000001137,-76.66416666666966
-11.903333333344696,-76.66500000000299
-11.90357142820943,-76.66932539657783
-11.901484565084651,-76.66622839228981
-11.903888888900251,-76.6672222222252
-11.905555555440325,-76.67347222236924
-11.905805555128445,-76.66727314688895
-11.906944444455801,-76.66500000000299
-11.90763888867898,-76.66462962960497
-11.908425925758838,-76.60933333365952
-11.908080808292876,-76.60570707080286
-11.908376067821628,-76.60442307710113
-11.908055555566897,-76.60805555555845
-11.908796296304002,-76.60824074080905
-11.909027777720489,-76.66305555554398
-11.909166666888312,-76.60277777794981
-11.909444444558519,-76.67013888891553
-11.910000000011356,-76.66555555555856
-11.91000000011409,-76.60125000002554
-11.910555555566905,-76.60833333333623
-11.911047979689394,-76.60689393911699
-11.910641027764557,-76.60346153922484
-11.910833333344703,-76.61111111111401
-11.91125000004542,-76.6634722222342
-11.911249999942724,-76.60805555554437
-11.911388888900255,-76.6661111111141
-11.911388889002971,-76.60430555558115
-11.911315789481131,-76.60068713400642
-11.911851851882158,-76.66564814810779
-11.912129629659944,-76.66509259255223
-11.9082122209819,-76.66653285492475
-11.912777777708792,-76.61152777776584
-11.91277777789186,-76.61708333335913
-11.912777777789152,-76.60972222222512
-11.912212302711175,-76.60292658662388
-11.913055555566903,-76.61777777778069
-11.913055555669636,-76.60652777780341
-11.913055555840888,-76.60500000006348
-11.913277777751103,-76.66749999992965
-11.913333333344688,-76.66666666666967
-11.912422838349213,-76.60913065833971
-11.913333333344697,-76.60694444444734
-11.913611111122469,-76.6686111111141
-11.91402777772047,-76.6144444444332
-11.914398148139146,-76.61356481477765
-11.914841270209656,-76.62047619056277
-11.91264427722523,-76.61466191755743
-11.914490740908086,-76.6153703701321
-11.915000000011375,-76.6100000000029
-11.91552469143556,-76.62268518531575
-11.915277777789134,-76.61527777778068
-11.915401235183074,-76.61299382727104
-11.91527777778914,-76.61138888889178
-11.915277777789138,-76.60972222222512
-11.916527777823246,-76.62291666667834
-11.916399999122538,-76.61983333314093
-11.917129629659637,-76.62231481477406
-11.919629629659717,-76.62925925921857
-11.919930555741415,-76.7002083332962
-11.92027777778913,-76.7030555555586
-11.92027777778914,-76.70083333333639
-11.920555555566912,-76.65833333333632
-11.920532407435715,-76.63062499928617
-11.920833333344683,-76.7005555555586
-11.919191472739211,-76.625178561682
-11.921388888900253,-76.70027777778083
-11.92138888890026,-76.65500000000299
-11.922476851444353,-76.70037037127662
-11.921759259266816,-76.63425925932785
-11.921666666780851,-76.62652777780373
-11.921833333682345,-76.63262962975769
-11.921944444455823,-76.62694444444737
-11.921635801887978,-76.70163580134877
-11.922222222233584,-76.63500000000295
-11.92215277819071,-76.6308333332038
-11.922129629659688,-76.62898148144076
-11.92299999993507,-76.62877777770981
-11.922962962993184,-76.65287037032985
-11.923466183826282,-76.63306763456191
-11.923611111122467,-76.70027777778083
-11.92361111112248,-76.62944444444737
-11.924027777720394,-76.7019444444326
-11.924166666952248,-76.6416666667316
-11.924259259289398,-76.64046296292233
-11.924259259328393,-76.70074074064563
-11.924444444558635,-76.65097222224857
-11.924444444558622,-76.64930555558186
-11.92501984099493,-76.63168650795443
-11.924974747871621,-76.64724747557845
-11.924722222233576,-76.64027777778072
-11.92421717188445,-76.6303282825744
-11.925000000011371,-76.67055555555856
-11.925000000114217,-76.6690277778044
-11.925416666609292,-76.64472222221077
-11.924920635406258,-76.6445436513982
-11.925555555566934,-76.67166666666967
-11.925555555566923,-76.64611111111407
-11.925992063009467,-76.66813492073689
-11.925833333447555,-76.64569444447069
-11.926388888773186,-76.69486111125848
-11.926555555693511,-76.65505555563844
-11.926296296326495,-76.64842592588535
-11.926722222350177,-76.65755555572208
-11.927055555719727,-76.65422222223091
-11.926944444455826,-76.64083333333627
-11.927222222336452,-76.63125000002603
-11.92750000001137,-76.66194444444741
-11.927500000011376,-76.65638888889187
-11.926944445015863,-76.64327651495762
-11.927916666609274,-76.6558333333218
-11.927777777790151,-76.65077777768906
-11.927793209896434,-76.64841049327524
-11.925770252605258,-76.63786408723882
-11.928333333344701,-76.67611111111412
-11.928472222164826,-76.65527777776626
-11.928611111225344,-76.6768055555823
-11.929062499609625,-76.65600694425311
-11.928611111122489,-76.65111111111409
-11.928611111122475,-76.65000000000296
-11.92800504880986,-76.64603535358083
-11.929000000178982,-76.66427777801559
-11.929027777720385,-76.64499999998854
-11.929444444375303,-76.64208333332117
-11.929444444558685,-76.70402777780497
-11.929583333275934,-76.64527777776632
-11.929444444455811,-76.64472222222518
-11.930000000011384,-76.63055555555849
-11.930555555566947,-76.67694444444746
-11.930833333344703,-76.67666666666968
-11.930925925933487,-76.63092592599452
-11.931666666678044,-76.63000000000294
-11.931666666678037,-76.62944444444737
-11.932222222153273,-76.63041666653345
-11.932638889111704,-76.67708333346722
-11.933055555566929,-76.67638888889189
-11.934444444558743,-76.71347222224955
-11.934444444455828,-76.63138888889182
-11.940138888831454,-76.60083333332219
-11.940486110982654,-76.6000694445329
-11.941388889003226,-76.6004166666922
-11.942277777712565,-76.6012222221542
-11.942777778304064,-76.6004166667828
-11.943333333447708,-76.61069444447014
-11.943333333344718,-76.60944444444735
-11.94464285722667,-76.60960317468283
-11.945555555566926,-76.61472222222513
-11.945555555566937,-76.60083333333621
-11.945709877186728,-76.61327160513054
-11.945740740436213,-76.6088271603479
-11.945833333344728,-76.60055555555843
-11.946111111122491,-76.60000000000288
-11.947777777892183,-76.60958333335901
-11.948492063322892,-76.60130952379977
-11.949305555498064,-76.61861111109984
-11.949598765319118,-76.60030864234184
-11.95129629632629,-76.61481481477384
-11.95219135771297,-76.60487654325834
-11.953472222164722,-76.62722222221089
-11.952293436332473,-76.60817486170103
-11.954583333275837,-76.62972222221087
-11.955000000114474,-76.62902777780376
-11.955277777789167,-76.62833333333627
-11.955833333344723,-76.62944444444737
-11.953715274100402,-76.60274690656139
-11.956111111225612,-76.62902777780376
-11.956018518501539,-76.62768518529369
-11.956388888900294,-76.60527777778066
-11.95666666667807,-76.62833333333627
-11.95712962948247,-76.6040277778794
-11.956944444455845,-76.62805555555849
-11.95715277742167,-76.60961805581283
-11.957407407415188,-76.60296296303144
-11.95763888887649,-76.6112500001907
-11.95847222216468,-76.62999999998866
-11.958611110996394,-76.60875000014737
-11.958500000138727,-76.60394444452601
-11.958333333344719,-76.60305555555844
-11.958888888900276,-76.62972222222515
-11.958888888900287,-76.61166666666955
-11.959166666781176,-76.61319444447018
-11.959479166524417,-76.60465277781638
-11.9599074074375,-76.62953703699613
-11.960000000011396,-76.60416666666956
-11.962194444366066,-76.60436111137473
-11.96555555567012,-76.61875000002581
-11.966111111122512,-76.62444444444738
-11.966527777720199,-76.62388888887757
-11.966944444455859,-76.61666666666957
-11.967611110664535,-76.61572222269486
-11.977962962976232,-76.73629629645278
