id_usuario,nombre,apellido,DNI,latitud,longitud
1,María,Rojas,10755365,-11.944124326492055,-76.71178821662338
2,Lucía,Flores,59265650,-11.944133107490902,-76.7088701059129
3,Jorge,Pérez,54655128,-11.944353419789024,-76.71037822492639
4,Ana,Pérez,96275676,-11.94660597506342,-76.71248870275265
5,Elena,García,16705221,-11.948707815815398,-76.70525126977043
6,Carlos,Torres,98290099,-11.948231589706172,-76.71257871559338
7,José,Mendoza,39962410,-11.946655221796709,-76.70781522686916
8,Elena,Pérez,96838454,-11.945384849034877,-76.70675677378198
9,María,Pérez,22422268,-11.94652047187273,-76.70966301751332
10,Carlos,Rojas,10629782,-11.94700604115978,-76.70406455261667
11,Pedro,Flores,20039944,-11.948062795257089,-76.70957053786931
12,Lucía,Flores,47074599,-11.942598669357205,-76.70925860270764
13,Elena,Ruiz,55627896,-11.945055862976632,-76.7108894620992
14,Jorge,Ramírez,63431020,-11.944368565584062,-76.71094100600489
15,Lucía,Torres,73818644,-11.941608362649616,-76.70386843099523
16,Luis,García,63789826,-11.946172475355024,-76.71460940893873
17,Luis,Ruiz,90343708,-11.944764846145054,-76.70276087198704
18,Carmen,Ruiz,36194006,-11.946911023703908,-76.70558264958366
19,Carmen,Vargas,70660775,-11.93946689755777,-76.71216076472513
20,Jorge,Torres,25160190,-11.942793050762443,-76.70561481013061
21,Carmen,Rojas,83381856,-11.945637383222962,-76.7111107410803
22,Luis,Ramírez,82848602,-11.946245042741843,-76.71354427019207
23,Jorge,Ruiz,63300799,-11.946447832635195,-76.71417182080029
24,Jorge,Rojas,75177108,-11.944397749595222,-76.71280991969317
25,Luis,Ramírez,87325018,-11.943798642264628,-76.71516768693861
26,María,Flores,53018113,-11.943507359303355,-76.70799941311518
27,Lucía,Mendoza,11053283,-11.950481206927714,-76.70937783029045
28,José,Soto,42003950,-11.94081699302258,-76.71412892305607
29,Lucía,Flores,19982207,-11.939482282839489,-76.7092429429719
30,Luis,Ramírez,55143190,-11.946615035567277,-76.71066730723297
31,Elena,Flores,43705532,-11.942825019262434,-76.71027198382576
32,Elena,Soto,68534975,-11.94288373202266,-76.71326202077924
33,Carlos,Flores,26067834,-11.94399191752789,-76.71474114349071
34,Ana,Ruiz,89474055,-11.944833678184043,-76.71321172292438
35,Jorge,Soto,11175536,-11.94670658982777,-76.70679172047437
36,Carmen,Rojas,85488005,-11.941226069638216,-76.70867258563727
37,Jorge,Torres,70183220,-11.947776938294018,-76.71144922534909
38,Ana,Ramírez,64810531,-11.940860706900065,-76.71007484925907
39,Ana,Mendoza,14597622,-11.937542011380057,-76.7093200464818
40,María,García,59610118,-11.94392385265053,-76.71142734939261
41,Jorge,Ramírez,80333171,-11.944099377285651,-76.71095740950913
42,Carmen,Pérez,92462381,-11.942375673969934,-76.70762989304961
43,José,Pérez,19794842,-11.946857968381524,-76.71449369886066
44,María,Rojas,65858290,-11.950008616119309,-76.70897602601926
45,Jorge,Pérez,83380292,-11.947810099818522,-76.71695867177885
46,María,Soto,49484205,-11.943334264186406,-76.7030210014477
47,Luis,Pérez,11777880,-11.94451821273462,-76.70798452767664
48,María,Soto,19254598,-11.944254511924356,-76.71079666895957
49,Jorge,Rojas,54568585,-11.941742770551036,-76.71137082363256
50,Elena,Pérez,29732318,-11.943697823057784,-76.70953490658141
51,Elena,Vargas,73961783,-11.94650427136093,-76.70752387295138
52,Pedro,Ramírez,96187483,-11.945024879270086,-76.71276723547848
53,José,García,73395588,-11.942890470469289,-76.71319540394536
54,Luis,García,40281173,-11.944415456527892,-76.71052735698993
55,Carlos,Ruiz,23486545,-11.941242313302505,-76.70907590530136
56,María,Rojas,35165408,-11.944575080876236,-76.70804670110239
57,Carmen,Ramírez,56588294,-11.940329377352947,-76.70882656908094
58,José,Rojas,18130531,-11.94446894214047,-76.71443550869705
59,José,García,91963332,-11.947695340989226,-76.71141567411306
60,María,García,20397248,-11.946328536606478,-76.71106091390895
61,Carmen,Soto,14771516,-11.94433005022531,-76.70891092173693
62,Carmen,Pérez,76897575,-11.944711496334175,-76.70904049506852
63,Carlos,Soto,58308708,-11.944306576755569,-76.71642639969906
64,Luis,Soto,28593924,-11.947318006181456,-76.71093226266716
65,José,Flores,44259993,-11.948129084228524,-76.70870021381
66,Lucía,García,37533013,-11.939907747502968,-76.7068437144449
67,Ana,Vargas,44508347,-11.94514032861279,-76.70602782158944
68,Pedro,Ruiz,36660826,-11.944053997628393,-76.71151125791334
69,Lucía,Rojas,36390851,-11.946340207990623,-76.71140740905946
70,Carlos,Vargas,59227421,-11.945664530455623,-76.70998875133287
71,Carlos,Ruiz,44662745,-11.94401827805685,-76.71049086193953
72,Carmen,Rojas,50739541,-11.94318918549076,-76.70692806117563
73,María,Mendoza,96383873,-11.941651337593676,-76.71495469390534
74,Luis,Vargas,97053085,-11.952161763404703,-76.70769704026628
75,Carlos,Flores,64776410,-11.948600636095248,-76.71117429620567
76,José,Pérez,91355844,-11.948010339078175,-76.71590594131274
77,Luis,Flores,93263364,-11.942875611815383,-76.7082225345191
78,José,Ruiz,94681586,-11.94622953120218,-76.71827312687643
79,José,Flores,26412631,-11.946138733344757,-76.70932458798379
80,Lucía,Torres,63552567,-11.948936734706322,-76.70994992024066
81,Pedro,Pérez,75291210,-11.944545929547518,-76.7087621255012
82,Jorge,Torres,15561548,-11.944141258894756,-76.71341920682264
83,Carlos,Rojas,11790711,-11.940910285495006,-76.71097558871908
84,María,Torres,19911993,-11.94458191361853,-76.71329980387722
85,María,Mendoza,43997907,-11.945829846753574,-76.71315440814207
86,Carlos,Soto,21734950,-11.94501883817977,-76.70536487455956
87,José,Pérez,66122403,-11.948615703428796,-76.71534068419362
88,María,Mendoza,47784917,-11.94008648901752,-76.71112797103144
89,Lucía,Mendoza,46692962,-11.94650721821598,-76.7073802859378
90,Elena,Ramírez,66147102,-11.94631684661921,-76.70502197085935
91,Luis,Ramírez,14123202,-11.94246622238598,-76.71196373422444
92,Pedro,Ruiz,99276897,-11.938028075360204,-76.712317144769
93,Carlos,Ramírez,62405784,-11.942273713883973,-76.70960212225877
94,Carmen,Torres,64769303,-11.940594776131803,-76.70581546640982
95,María,Flores,18179066,-11.944403987552802,-76.71276025361104
96,Jorge,Vargas,66316672,-11.943120083571182,-76.71253314610925
97,María,Pérez,18459490,-11.93845983825742,-76.71009039400674
98,Elena,García,49847775,-11.945595964653936,-76.7099459590824
99,Luis,Soto,20324911,-11.948541378868589,-76.71341484211553
100,María,Pérez,92493037,-11.940898758276166,-76.71247068283691
101,Carmen,Ramírez,53355387,-11.947640732948043,-76.70889004174242
102,Ana,Ramírez,55246322,-11.94094288753601,-76.708343140068
103,Lucía,Flores,18449058,-11.941511856942585,-76.7127703852657
104,Elena,Mendoza,16689013,-11.948765432000226,-76.70599599904413
105,José,Ruiz,51836263,-11.945468039516529,-76.71125249904937
106,Elena,García,65418818,-11.940515417574453,-76.7088313099718
107,José,Pérez,59014096,-11.943132336683757,-76.7040049929653
108,José,Soto,90229996,-11.94643055469114,-76.70771647961575
109,Elena,Mendoza,75753179,-11.944328960625308,-76.70969422316341
110,Elena,Soto,91107596,-11.93991459472076,-76.70897649273113
111,María,Ruiz,17248702,-11.94288511176285,-76.70728247798807
112,Carlos,Pérez,28909093,-11.945594858188628,-76.71301762900201
113,Carlos,Ramírez,67962780,-11.947634427582065,-76.71639906976813
114,Ana,Ramírez,13259984,-11.93833137861018,-76.71380962509716
115,Pedro,Torres,88654313,-11.945163760870756,-76.71133043989967
116,Luis,Vargas,56589939,-11.943577779906573,-76.70805278836238
117,Carlos,García,93797016,-11.94191857953492,-76.7122492323157
118,Luis,Ramírez,14484321,-11.945001365141358,-76.70965226014853
119,María,Ruiz,89896888,-11.94524607337855,-76.70567796327194
120,Carlos,Soto,68123445,-11.943027075145086,-76.70829536664185
121,Carlos,Pérez,89823768,-11.942511356193997,-76.70697957842754
122,Jorge,Vargas,32924951,-11.943956935323888,-76.71439049584386
123,Jorge,Torres,92657343,-11.94330093614474,-76.71245407068137
124,Pedro,Soto,31685428,-11.946085850045248,-76.70874090794374
125,José,Mendoza,80923828,-11.9407851507857,-76.71043618526978
126,Lucía,Mendoza,71944775,-11.943573500962202,-76.7053933551661
127,Carmen,Torres,45584704,-11.943777740461536,-76.70269495065746
128,Lucía,Vargas,36742352,-11.942803471063105,-76.71578228827747
129,Elena,Ramírez,26730067,-11.942239975136689,-76.70935652484535
130,Luis,Flores,60091512,-11.94063074173775,-76.70848045594619
131,Luis,Pérez,35670424,-11.944915367951952,-76.71417289470887
132,María,García,55691132,-11.945127069771855,-76.71305156136262
133,Lucía,Ruiz,74891757,-11.946241570349414,-76.70873426478673
134,Pedro,García,71240943,-11.939490286486944,-76.70931598541053
135,María,Torres,33221937,-11.948087649186103,-76.70916619199534
136,Elena,Ruiz,16518345,-11.940910105540064,-76.71232934871296
137,Luis,Vargas,90890655,-11.94490205150002,-76.71045593541581
138,José,García,96807984,-11.946854694939246,-76.70855515869846
139,Ana,Torres,55267246,-11.944862844445822,-76.70924140266827
140,Lucía,Torres,90811134,-11.947162476533403,-76.71181237490097
141,Ana,Vargas,16337654,-11.942332855926516,-76.71161849945626
142,Luis,Ramírez,39622641,-11.9393191084463,-76.71169890855684
143,María,Pérez,42873832,-11.943825945822743,-76.70770222750437
144,Jorge,Ramírez,27074589,-11.9487550971988,-76.71578242643594
145,Carmen,Vargas,90869048,-11.949076968943707,-76.70671224768971
146,Elena,Pérez,69403156,-11.946155574437675,-76.70282540214299
147,María,Rojas,79711956,-11.946192742795972,-76.7099463460904
148,Luis,Flores,25844829,-11.939873670142296,-76.70448172133551
149,Pedro,Torres,53257079,-11.93831548927009,-76.70687490130821
150,Elena,Vargas,95618452,-11.941427812422566,-76.7087224191524
151,Jorge,Soto,98167455,-11.9421649167715,-76.71215355714898
152,Lucía,Ramírez,16328904,-11.946954596650269,-76.71051012337223
153,Ana,Soto,12637281,-11.945010553867574,-76.71185968414798
154,María,Ramírez,25655123,-11.94241083765763,-76.70763408437429
155,Luis,García,10658633,-11.944234779341125,-76.70606740975683
156,Luis,Flores,40503686,-11.9479250673424,-76.71108097837784
157,José,García,36336977,-11.946650466961808,-76.71609960985121
158,Luis,Flores,78863313,-11.944748042057528,-76.71086524252514
159,José,Pérez,59763141,-11.939959650770271,-76.70860756494633
160,Lucía,Vargas,65128484,-11.947572560472988,-76.704937722301
161,Lucía,Ramírez,59380072,-11.940836898913425,-76.7087537068896
162,Jorge,Flores,69201687,-11.94517945229655,-76.71337831771017
163,Luis,Flores,98665085,-11.945616620328211,-76.70723375414089
164,Carmen,Flores,17743041,-11.938846241082196,-76.70587026941519
165,Elena,Ruiz,38164488,-11.94596654826536,-76.71385885229986
166,Luis,Mendoza,89052299,-11.944077341259266,-76.71580531809668
167,Elena,Mendoza,83656746,-11.943530496857443,-76.7109428077589
168,Carlos,Mendoza,64884794,-11.945898109505604,-76.71528410920179
169,Jorge,Pérez,36756554,-11.94295919968029,-76.71209810251898
170,José,García,83441971,-11.948009750507133,-76.71911678663984
171,José,Vargas,84464954,-11.944582544715152,-76.70518324520998
172,Lucía,Soto,92406311,-11.939516222356357,-76.71187128876976
173,Carlos,Ruiz,78542980,-11.946306636181085,-76.70909367723178
174,Ana,Vargas,93071415,-11.947495156317563,-76.70959462430054
175,María,Torres,86254012,-11.942201759164844,-76.70681920032834
176,José,García,68786656,-11.94480046222944,-76.71111102125053
177,María,Pérez,17126806,-11.94713394776027,-76.71298064106212
178,María,Mendoza,23697696,-11.945179436675703,-76.70939790347954
179,Jorge,Torres,40822909,-11.9417592461213,-76.71290953685204
180,Elena,García,90725715,-11.94002193429312,-76.71131337080313
181,Luis,Ramírez,44986263,-11.944564101883046,-76.71274163503745
182,Elena,Ramírez,94953710,-11.951772720780818,-76.70784786381091
183,Elena,García,90016768,-11.942289468308722,-76.71134398267135
184,Ana,Mendoza,15805794,-11.944299027848324,-76.70895218234688
185,Carlos,Rojas,67435306,-11.94918763757066,-76.71208715803203
186,Luis,Vargas,38567892,-11.942117205961134,-76.7142628682695
187,Ana,Vargas,53402790,-11.9436193262035,-76.71456974541387
188,Pedro,Flores,92604564,-11.9431007100527,-76.71060692444689
189,Pedro,Torres,61241779,-11.949345395447716,-76.70700578193663
190,Luis,García,69077863,-11.946703774730391,-76.71293075731104
191,Ana,Torres,95320836,-11.943898292408306,-76.7070540879517
192,Elena,Pérez,84548043,-11.947547465456935,-76.71031496045045
193,Jorge,Rojas,68826880,-11.943213550499008,-76.7084206831782
194,Jorge,García,67438054,-11.943970675334167,-76.71160108351725
195,José,Torres,67940492,-11.946982770661943,-76.71024156835085
196,Ana,Flores,64602762,-11.947716417035956,-76.71926405145048
197,María,Ruiz,15825282,-11.943190320587526,-76.70778819547674
198,José,Soto,65978979,-11.951588797306623,-76.71352919211412
199,José,Ruiz,51285751,-11.942642537216985,-76.70432751359085
200,Luis,Vargas,75940672,-11.944437618876972,-76.71268400882369
201,Lucía,Vargas,13248796,-11.926048689323316,-76.67637537074255
202,Elena,García,27096808,-11.927437892537371,-76.68289757601994
203,Lucía,Mendoza,74704593,-11.926948230566545,-76.68335998582477
204,Ana,Mendoza,83295457,-11.925131989052016,-76.67562596462459
205,Luis,Torres,64574647,-11.924530762180652,-76.68125706050637
206,Ana,Pérez,98239340,-11.926375433806744,-76.68518957242608
207,Carlos,Pérez,98499191,-11.922850670668558,-76.68073351159103
208,José,Pérez,39153561,-11.926041439740771,-76.67092067729646
209,Carlos,Ramírez,22848445,-11.924603741274902,-76.68275537315029
210,Ana,Pérez,41721700,-11.926779072788616,-76.67705466287241
211,Carmen,Pérez,60120931,-11.925160188768386,-76.68481483393495
212,Pedro,Pérez,60682053,-11.922742313196274,-76.68250443225661
213,Elena,Ramírez,29559323,-11.919880106671346,-76.67725985580284
214,Jorge,Torres,67003602,-11.926841965686975,-76.67665695091479
215,Elena,Rojas,70495839,-11.925296433468418,-76.67794167897463
216,Carmen,Torres,10576557,-11.924045801548116,-76.68303906996496
217,Ana,Pérez,12908228,-11.927430649496952,-76.67741011754725
218,Lucía,Ramírez,50276442,-11.92650432599632,-76.68171094538972
219,Carmen,Rojas,81887647,-11.928365367738047,-76.67922920280321
220,Pedro,Soto,95564772,-11.91931242524227,-76.68370259874276
221,Lucía,Mendoza,88638690,-11.925427341629982,-76.67626333833375
222,María,Pérez,54654791,-11.925738924173736,-76.67914288461125
223,Luis,Soto,22842714,-11.92868718058444,-76.67921507870837
224,Elena,Pérez,33583507,-11.926061432795011,-76.67754281001295
225,Carmen,Soto,51594384,-11.921937841845306,-76.67273130907394
226,Carmen,Pérez,41084192,-11.92376110048036,-76.67952261105025
227,Ana,Pérez,96130353,-11.924916847095268,-76.68155949887843
228,Carmen,Mendoza,23334558,-11.924484548469614,-76.6813862042304
229,Jorge,García,92322474,-11.92499461707119,-76.67654720739317
230,Ana,Ramírez,22879697,-11.928519627695838,-76.67708036431661
231,Carmen,Flores,96683713,-11.92154865479798,-76.68085420558097
232,Ana,García,41291893,-11.931865564697024,-76.68232346596128
233,Carlos,Pérez,64074636,-11.921609016360316,-76.68056860418689
234,María,Ruiz,78424998,-11.928497906696885,-76.68201432476368
235,Lucía,Rojas,18755153,-11.922978139920486,-76.6788597992954
236,María,Rojas,46892231,-11.926216796297508,-76.68160047323543
237,Carlos,Torres,34104520,-11.926675274447131,-76.6832672305535
238,Carmen,Mendoza,46439093,-11.920653872931592,-76.68146696140762
239,Lucía,Flores,45876178,-11.921848524437523,-76.67593605184423
240,José,Vargas,52614056,-11.922505067305556,-76.68179486093815
241,Luis,García,20144830,-11.92428880972899,-76.68057258681917
242,Carlos,García,82403512,-11.92821110558219,-76.67952692215484
243,José,García,73174338,-11.92903711937348,-76.67693696183461
244,Pedro,Ramírez,68942480,-11.926893851891895,-76.67989652103238
245,Luis,Flores,37006229,-11.92465013638536,-76.68127671492111
246,Carlos,Soto,42213678,-11.923739918595574,-76.68192471096987
247,Lucía,Ramírez,26414133,-11.922886108107628,-76.68453793904074
248,Carmen,García,36177651,-11.92512086126136,-76.67468321300282
249,Luis,Rojas,85277715,-11.928500993973817,-76.68253323491157
250,Jorge,Vargas,56432252,-11.923958276451025,-76.67996125465417
251,Ana,Soto,76399815,-11.92444810970218,-76.67903243860955
252,Elena,García,45569861,-11.923595835594314,-76.67717090047412
253,María,Rojas,82702816,-11.924270544029214,-76.68122377296385
254,Jorge,Mendoza,44447993,-11.923482278896392,-76.67480035419531
255,Pedro,Ruiz,79308925,-11.925897901239146,-76.683423587914
256,Jorge,Ruiz,38419439,-11.92217875799214,-76.68086114349185
257,Lucía,Torres,93858286,-11.932018008638044,-76.67795773496854
258,Elena,Vargas,44064472,-11.927105984557862,-76.6807715998469
259,Carmen,Vargas,49326241,-11.924504059008292,-76.67992850096066
260,Ana,Mendoza,33186835,-11.923371644548585,-76.6818064591117
261,Elena,Rojas,60053651,-11.923960682605472,-76.68127864003274
262,Luis,Ruiz,17829712,-11.923283568557338,-76.67865389754796
263,Elena,Mendoza,29686484,-11.928306316106132,-76.67724205365147
264,Luis,Mendoza,79072208,-11.92710789033534,-76.67807582660515
265,José,García,76006880,-11.924398138059797,-76.67498544896961
266,Carlos,Ramírez,94919026,-11.926170397947114,-76.68154795038835
267,Ana,Pérez,23712253,-11.925558258817665,-76.6814095393485
268,Jorge,García,11768955,-11.923100174294174,-76.6853489318253
269,Carlos,Pérez,30363537,-11.92866104725744,-76.68370340876473
270,Carlos,Mendoza,16314770,-11.92264907722408,-76.67536815988225
271,José,Rojas,74941116,-11.925813347655613,-76.68100646516956
272,Carmen,García,24053105,-11.92528984351066,-76.67701436509218
273,Pedro,Ruiz,55531357,-11.928282059402571,-76.67978489305179
274,Pedro,Torres,38802620,-11.922574407110652,-76.67899671749018
275,Carmen,Vargas,93450180,-11.924931255150204,-76.67749686172229
276,María,Vargas,81230598,-11.933609696878998,-76.6784663740414
277,Pedro,Pérez,55060853,-11.927462227049382,-76.68599189869056
278,Pedro,Pérez,53596584,-11.923966392201423,-76.67637902436451
279,María,García,87962924,-11.925912345543882,-76.67764137635838
280,Carmen,Soto,69917187,-11.920663165226031,-76.67655525663925
281,Pedro,Ruiz,34916229,-11.920580106411885,-76.67827361752678
282,Jorge,Flores,43370171,-11.925273699083297,-76.68530589743568
283,Carlos,García,34085461,-11.926238187464389,-76.68302973978594
284,Lucía,Rojas,90721007,-11.918987171847506,-76.6810276574373
285,Carmen,Rojas,71918840,-11.925130385579646,-76.67884554387187
286,Pedro,Mendoza,70028306,-11.925369192660884,-76.67541484687871
287,Lucía,Pérez,82162808,-11.927367948085204,-76.67991617763428
288,Carlos,García,83926888,-11.927727411757092,-76.68446006753366
289,Carlos,Vargas,90510633,-11.927335307272717,-76.68061111039114
290,Luis,García,26677007,-11.926787906673551,-76.68257726293962
291,Carlos,Flores,28212672,-11.929718952391015,-76.68074931671788
292,José,Mendoza,14409328,-11.930014161122092,-76.67821983210892
293,Lucía,Rojas,63409874,-11.925252680741195,-76.68487265449839
294,Elena,Pérez,12040585,-11.92642762723115,-76.68275646921677
295,María,Vargas,25975991,-11.924542476468742,-76.67647864866193
296,Pedro,Rojas,67887710,-11.931125517408937,-76.68015492176255
297,Jorge,Soto,69530242,-11.9259803983867,-76.67848597977064
298,María,García,75242271,-11.924860410115286,-76.68275590799522
299,Pedro,Pérez,88124166,-11.926457161807,-76.68288807757041
300,Luis,Pérez,56301162,-11.922271978584204,-76.68043606505398
301,Elena,Torres,47535850,-11.91979642794274,-76.68068198244144
302,Carlos,Pérez,41142806,-11.927625220300731,-76.68504114317783
303,Carmen,Pérez,77122338,-11.930909419028769,-76.68525240782901
304,Elena,García,50870289,-11.924698620046964,-76.67897382493031
305,Jorge,Flores,79787886,-11.930243572106097,-76.67781488505777
306,José,Flores,11271635,-11.92694918315505,-76.68005962096404
307,Ana,Flores,51601139,-11.920663338115231,-76.6778094820524
308,Carlos,Mendoza,70027659,-11.926305591943716,-76.68317357667624
309,Jorge,Flores,99449433,-11.931955446203988,-76.68265745995772
310,José,Vargas,50384620,-11.926133390716483,-76.68346153858145
311,Pedro,Ramírez,25060992,-11.925893770901276,-76.68026944435113
312,Lucía,García,66770381,-11.926174567945424,-76.68245000774246
313,Lucía,Rojas,48216737,-11.9249940359841,-76.67917417805128
314,Carmen,Ruiz,97017838,-11.928771197232328,-76.67626720286076
315,Ana,Torres,91418575,-11.925795764396852,-76.68044345113115
316,Ana,Vargas,48286831,-11.92337535673023,-76.6798003516062
317,Ana,García,75263925,-11.92264059009826,-76.67963862750439
318,Pedro,Rojas,65533828,-11.92733731212392,-76.67941548942437
319,Pedro,Pérez,40040216,-11.928931178621962,-76.68017432088267
320,Luis,Vargas,12082745,-11.925599689971932,-76.6811243505718
321,Ana,Ruiz,80972435,-11.925885612534316,-76.68614554713649
322,María,Pérez,50890095,-11.927146174723225,-76.68022146529657
323,Pedro,García,41521083,-11.925020430824008,-76.68358302542278
324,José,Vargas,76329703,-11.921702876477406,-76.68309852454463
325,Lucía,Ramírez,45718882,-11.92259162839842,-76.67921841691438
326,José,Rojas,95882129,-11.92743868192953,-76.67517406732216
327,Carlos,Ramírez,53771237,-11.92908091049527,-76.67774253747916
328,Ana,Torres,85390873,-11.922498253045871,-76.68251186062723
329,Carlos,García,29047484,-11.921322604099808,-76.68125013954379
330,Carlos,García,64614010,-11.92463391911216,-76.67971903448368
331,José,Torres,64767660,-11.925902926224412,-76.67806757518052
332,Ana,Flores,64371995,-11.923119533838342,-76.68574559591971
333,Lucía,Flores,47906586,-11.921586979271366,-76.6854874759641
334,José,Mendoza,32324927,-11.922402361386975,-76.67711988458952
335,Ana,García,74298159,-11.928772899290646,-76.68173244286386
336,Luis,Vargas,33079517,-11.928817114005458,-76.68114476309086
337,José,García,30996585,-11.926424102852556,-76.67816101840319
338,José,Flores,27209015,-11.92156907376164,-76.67631294856763
339,Lucía,Soto,49281254,-11.927186504079735,-76.68112766562123
340,María,Rojas,13934712,-11.930550314576662,-76.68291761019948
341,Jorge,Soto,55042622,-11.922605445100707,-76.67565325152935
342,Carmen,Flores,50829418,-11.92920304661564,-76.68227739277745
343,José,García,87556941,-11.925579217270876,-76.67965951652354
344,Lucía,Ramírez,67820500,-11.927928810559765,-76.6792278168666
345,Luis,Torres,34766956,-11.926921518041212,-76.68054335681263
346,Elena,Pérez,97062329,-11.92386114725599,-76.68048073319056
347,Pedro,Vargas,23330996,-11.92680915767158,-76.68082882941177
348,María,García,67332286,-11.925765088877617,-76.68161003308964
349,Elena,Torres,38184629,-11.926276388188,-76.67570405848848
350,Pedro,Ruiz,27252278,-11.923817241656176,-76.68138644095409
351,Carmen,Pérez,71800316,-11.923409136786468,-76.68150145846926
352,Jorge,Pérez,63101374,-11.92198062608724,-76.6793910734234
353,Luis,Flores,85160629,-11.925821906432011,-76.67915684922257
354,José,Ruiz,95476166,-11.930212628456204,-76.68388030240672
355,Elena,Ruiz,33573671,-11.929081775019196,-76.6800711707157
356,Jorge,García,53025328,-11.920302455001544,-76.67380609956142
357,María,Ramírez,58605806,-11.923585846695678,-76.67899746657517
358,María,Ruiz,15318983,-11.930903173202458,-76.6821280213992
359,Carmen,Ramírez,35585861,-11.927863351255724,-76.68236254279475
360,Pedro,Mendoza,44971160,-11.926004431455754,-76.68191627173309
361,Carlos,Ruiz,51107043,-11.931437899431128,-76.67825626923164
362,José,Torres,17261259,-11.92871822907722,-76.67978225940766
363,Jorge,García,28158978,-11.91927775199075,-76.68325815377476
364,Luis,Flores,16213936,-11.93309086256824,-76.68135801266564
365,José,Soto,30267993,-11.922197121095005,-76.67462495763733
366,Carlos,Pérez,20466995,-11.929188648783358,-76.67900990233028
367,Luis,Flores,42255206,-11.92689593137034,-76.6808178450629
368,Pedro,Soto,59719990,-11.917566969958948,-76.68500891098518
369,Carmen,Ramírez,18965303,-11.924738781015517,-76.6790969204847
370,Lucía,Soto,56020115,-11.922242641025182,-76.68020605053958
371,María,Flores,56988636,-11.924575848381489,-76.68167494570226
372,José,Soto,53809569,-11.924692619176264,-76.68152957682649
373,Pedro,Vargas,93768013,-11.923635284330432,-76.68160883100812
374,María,Ruiz,38907323,-11.924368698818292,-76.68058778844104
375,María,Ramírez,59987279,-11.922121849247684,-76.68065418117077
376,Ana,Pérez,73802303,-11.93081909740462,-76.67671423549785
377,María,Mendoza,22651867,-11.928217196902589,-76.68246129901594
378,Lucía,Torres,81378594,-11.92728698388213,-76.67637668572048
379,Jorge,Vargas,75001722,-11.931907022641935,-76.67108675439901
380,Luis,García,16295064,-11.9223318295728,-76.6798302832576
381,Carmen,Rojas,61668536,-11.925664682001848,-76.67964333777542
382,Ana,Pérez,43231838,-11.92393663271486,-76.67856435324215
383,Carmen,Vargas,62769042,-11.923833186601987,-76.68023125795622
384,Jorge,Flores,13923809,-11.926092015260922,-76.68095381985096
385,Luis,Pérez,47441608,-11.926084724841058,-76.6770986897094
386,Lucía,Torres,10968242,-11.923719329833157,-76.68932116590399
387,Elena,Vargas,61690364,-11.92353229767041,-76.67991579141584
388,Jorge,Flores,16146185,-11.925556126269337,-76.68166555535926
389,Jorge,Rojas,19616851,-11.922127661840042,-76.67765742061363
390,Ana,Torres,81568501,-11.92781863300347,-76.67927884313862
391,Jorge,Ramírez,96827496,-11.928414970203624,-76.68463885449437
392,José,García,21077188,-11.92738015167377,-76.67791281958284
393,Lucía,Vargas,45705518,-11.922640624863872,-76.67896074373971
394,Jorge,Rojas,96092579,-11.923324712639456,-76.67895146513865
395,Carmen,García,84098279,-11.927424444785668,-76.67920423236598
396,Luis,Mendoza,74024443,-11.923098771424316,-76.67823712601056
397,Elena,Mendoza,97880203,-11.921933259885575,-76.6783750884584
398,Carmen,Rojas,27006075,-11.924445655377374,-76.67728954928505
399,Carmen,Rojas,43712385,-11.925579563777749,-76.68314562395368
400,Luis,Rojas,72955607,-11.92598920089183,-76.68273470793442
404,Luis,Vargas,81951079,-11.914496383573914,-76.6409512658932
406,Pedro,Pérez,12085514,-11.919322679593106,-76.6407881743357
407,Luis,Soto,30473822,-11.916807427049362,-76.64131970930332
409,Lucía,Ruiz,59530419,-11.915293544523932,-76.64451158709322
410,Luis,Pérez,73553490,-11.912593745909373,-76.64221777518455
412,Carmen,Ramírez,24867672,-11.910418024212484,-76.64242646119735
414,José,Ramírez,34841075,-11.909098466455468,-76.63478316094117
416,Ana,Pérez,36375530,-11.912078632210088,-76.6414206385991
419,Carlos,Soto,78436219,-11.913322752098464,-76.64002689087711
420,Elena,Ramírez,40052610,-11.914576722936577,-76.64380722771466
426,Lucía,Pérez,14281632,-11.912024705205996,-76.64110139064712
428,Ana,Torres,38437697,-11.91853761277042,-76.64095777357916
433,Luis,Flores,83616890,-11.9137039129518,-76.64024827597282
442,Pedro,Rojas,73065039,-11.918831564448402,-76.64538854285941
443,Pedro,Torres,47514152,-11.916151610548477,-76.64216213727774
447,Elena,Flores,86209709,-11.91263337856787,-76.64191649935333
449,Pedro,Ramírez,16178924,-11.912488558148278,-76.64171557169911
451,Carlos,Flores,17871793,-11.913370771421707,-76.64120615466307
457,Pedro,García,70681050,-11.914377242473812,-76.64150656236734
458,Carmen,Ruiz,91132305,-11.91227752696374,-76.64003964069941
459,Carlos,Flores,95341788,-11.91518579974602,-76.64148304812382
461,Elena,Flores,23869838,-11.90726215373516,-76.6361461871363
468,Ana,Torres,14373370,-11.915562122132824,-76.64022080531869
470,María,Rojas,24754392,-11.918217321226962,-76.64290257579725
474,Ana,Pérez,71317266,-11.91930271193543,-76.64098549107433
475,Carlos,Ramírez,45133546,-11.914809764280449,-76.64342956643345
478,Pedro,Ruiz,87401700,-11.918280494295518,-76.64034908422411
483,Jorge,Rojas,75540302,-11.909758377940296,-76.64154528257548
484,Lucía,Torres,30656094,-11.916932572533632,-76.64227273357673
490,Elena,Torres,70984628,-11.908429181342312,-76.63847960046631
497,Ana,Pérez,94271271,-11.90842707113014,-76.64258952201376
498,Elena,Flores,73545543,-11.91393088149717,-76.64048594653339
501,Elena,Ramírez,30272459,-11.90908695567064,-76.63907271137518
502,Elena,Soto,45637548,-11.912340726173555,-76.64237981887361
510,Lucía,Vargas,95750209,-11.9082008346325,-76.63924107710223
511,Jorge,Soto,95977185,-11.915575020456064,-76.6404426254169
514,Elena,Torres,95522342,-11.91024119098646,-76.64030127069721
519,Carmen,Soto,60538261,-11.914457180796491,-76.64136181825819
522,María,Vargas,82143737,-11.908570678246454,-76.64319272483513
523,José,García,69000340,-11.909648362275094,-76.63818693218742
524,Ana,Rojas,95827716,-11.91719635214497,-76.64249094087721
532,Lucía,Vargas,79201479,-11.910792653424531,-76.64171316103894
538,Lucía,Rojas,72776341,-11.917761737816589,-76.64175747538665
539,Pedro,Vargas,16325655,-11.912461880151133,-76.64194638210547
541,Ana,Soto,37932236,-11.919677420186373,-76.640532693957
542,Ana,Pérez,99651854,-11.91091767179086,-76.64144349659341
546,Ana,Torres,65832919,-11.909283301008609,-76.63556342584765
547,Carmen,García,61217795,-11.914244045572303,-76.64092479716491
550,Pedro,Rojas,74687012,-11.912548649722392,-76.64300924090527
551,Lucía,Vargas,62912112,-11.911344157146832,-76.64149418188194
553,Pedro,Ruiz,58166121,-11.908512997530648,-76.62917024433197
559,Luis,Pérez,88777571,-11.911983178498591,-76.64035175955964
560,Elena,Rojas,95434464,-11.91617490526184,-76.64180046269891
570,Lucía,Soto,18615167,-11.914478810524116,-76.64048096341841
572,Carmen,Ruiz,18777866,-11.913023943456022,-76.640078104528
574,Ana,Soto,43927189,-11.915936512368026,-76.64108832729212
577,Carlos,Ramírez,66685983,-11.9124492920304,-76.64259786713359
581,Jorge,Flores,45060815,-11.917588114524548,-76.64255801085753
584,Ana,Ramírez,27083915,-11.916107404389155,-76.64362207387278
586,Luis,Rojas,99602580,-11.91496769453381,-76.64014486188947
589,Lucía,Flores,90387554,-11.915579305937367,-76.64247814305824
591,Carmen,Vargas,65735909,-11.917391276778632,-76.64137145274468
593,Jorge,García,96154247,-11.914401609013764,-76.64077548600409
594,Ana,García,90977361,-11.915191202142616,-76.6412726994328
596,Carmen,Rojas,18140640,-11.920038563586717,-76.64128853258057
597,Lucía,Vargas,17875147,-11.918989587765273,-76.64045007180322
598,Pedro,Pérez,82960586,-11.914750313909371,-76.64284893565909
599,Pedro,Ruiz,93536106,-11.917265579439375,-76.64151187211624
589,Nombre589,Apellido589,41654594,-11.930396505355688,-76.6974980551816
590,Nombre590,Apellido590,35769433,-11.904172082410769,-76.73101192729733
591,Nombre591,Apellido591,37048096,-11.91121212660346,-76.73246353989636
592,Nombre592,Apellido592,70573452,-11.911582734305435,-76.74059490855447
593,Nombre593,Apellido593,79794727,-11.930676792386135,-76.68760809516236
594,Nombre594,Apellido594,83642487,-11.928874906132954,-76.69778185289677
595,Nombre595,Apellido595,64270518,-11.92052814837188,-76.67807558952249
596,Nombre596,Apellido596,90706178,-11.900109197607032,-76.73806504305986
597,Nombre597,Apellido597,54894662,-11.914571592455404,-76.65678541905623
598,Nombre598,Apellido598,77794483,-11.93068005972566,-76.69964860393019
599,Nombre599,Apellido599,76615785,-11.94067563348579,-76.71115328303614
600,Nombre600,Apellido600,50704801,-11.916754233546502,-76.65543310721999
601,Elena,Reyes,46303212,-11.917170902395526,-76.71515322586228
602,Hugo,Ramírez,17904686,-11.940395331089167,-76.7354371910124
603,Pedro,Ramírez,63270568,-11.919621673677542,-76.71498726315309
604,María,Ramírez,42392131,-11.936207643302797,-76.73838716099539
605,Carlos,Ramírez,27619911,-11.93581196143905,-76.74159338174928
606,Jorge,Torres,61987307,-11.921879114526284,-76.705384830936
607,Hugo,Torres,48375283,-11.919992855634472,-76.70856371083141
608,Jorge,Vargas,68979174,-11.907640331171091,-76.68867991099505
609,Lucía,Vargas,86954614,-11.911183833452077,-76.69274684495483
610,Hugo,Torres,19939870,-11.917218653738379,-76.70647294803027
611,Lucía,Rojas,41201366,-11.914426130168613,-76.71483503615156
612,Jorge,García,74727511,-11.92076137109922,-76.70560790115339
613,Carlos,Flores,72837679,-11.907371182944987,-76.68540407410204
614,Luis,Flores,88441472,-11.939378938926918,-76.73871172716001
615,Luis,Rojas,94080765,-11.93539088324466,-76.73787899303098
616,Elena,Mendoza,30431525,-11.9103266347822,-76.6958152612997
617,María,Torres,47170588,-11.917336591545565,-76.71321588306903
618,Camila,Quispe,31670392,-11.909947711784714,-76.68450902781899
619,Luis,Rojas,58290594,-11.910408682141219,-76.68592238072003
620,Hugo,Quispe,14116692,-11.939491675154006,-76.73794785551777
621,Jorge,Quispe,36506231,-11.90520693741005,-76.69477728278952
622,Pedro,Rojas,98630201,-11.913925120519956,-76.69079700648841
623,Hugo,García,93531003,-11.913166370652537,-76.68701938780389
624,Pedro,Rojas,23680346,-11.933683610689211,-76.74009381124561
625,María,Quispe,38330209,-11.9116715952206,-76.69078716017192
626,Hugo,Rojas,65534365,-11.9352124174572,-76.74391851254578
627,Pedro,Mendoza,91424217,-11.908694914094637,-76.68864049978134
628,Pedro,Pérez,54072021,-11.908260805777935,-76.69309573504023
629,Pedro,Quispe,71521548,-11.935287578212975,-76.74317747662302
630,Hugo,Torres,51646517,-11.912206566971799,-76.68547035944015
631,Elena,Torres,31552591,-11.935090214794188,-76.7438762900139
632,Lucía,Torres,54125105,-11.911764613656672,-76.69342712220408
633,Hugo,Pérez,10689565,-11.919833549375705,-76.71327684252692
634,Lucía,Reyes,86025073,-11.913437263338315,-76.69049271380084
635,Luis,Rojas,64107938,-11.935138132201711,-76.73853941447754
636,Elena,Flores,82273044,-11.935617026651215,-76.74326965739317
637,Elena,Mendoza,26450898,-11.914388074318586,-76.70677658982773
638,María,García,87914122,-11.906754187133538,-76.6861241943395
639,Hugo,Ramírez,88096716,-11.905605605426805,-76.68946895240663
640,María,Pérez,13917687,-11.912197461839192,-76.68859859670577
641,Jorge,Vargas,15084909,-11.935056948050656,-76.73735874345981
642,Camila,Torres,73354668,-11.917828407806665,-76.71524695408732
643,Carlos,Ramírez,54846801,-11.910659983554128,-76.68495080069843
644,Jorge,Pérez,59449991,-11.91732440872194,-76.71007834862418
645,Luis,Reyes,89433568,-11.938849171884943,-76.74068395972076
646,Carlos,Rojas,79554813,-11.914837231286775,-76.7086689064772
647,Ana,Vargas,46810905,-11.93470090378598,-76.7399108911924
648,Lucía,Rojas,96016825,-11.916958022244351,-76.71326778030382
649,Camila,Vargas,96466150,-11.935356313357731,-76.74015158799666
650,Jorge,García,92756721,-11.918459635881483,-76.70885745442965
651,Jorge,García,12188670,-11.914509755028249,-76.7152959301873
652,Hugo,Vargas,47859331,-11.934402054101223,-76.74136855200629
653,Hugo,Pérez,89039279,-11.918448644363949,-76.71575895338347
654,Camila,Torres,18844871,-11.91129058529949,-76.68996842508844
655,Pedro,Quispe,40968333,-11.913494415303873,-76.69010685124739
656,Hugo,Mendoza,37262730,-11.905656004340274,-76.6947352813827
657,Hugo,García,68797000,-11.934884474175396,-76.74031296051962
658,María,Ramírez,78692951,-11.935758610283806,-76.74165787061813
659,Jorge,Rojas,17077226,-11.912564569637128,-76.69407444862874
660,María,Rojas,54919941,-11.940436064434856,-76.74232917965588
661,Elena,Vargas,75178620,-11.908022025535098,-76.68541971265788
662,Elena,Mendoza,63026187,-11.906672868829679,-76.6877783882815
663,Ana,Pérez,11111469,-11.940116545092712,-76.74139731298334
664,María,Reyes,38084462,-11.938521544997421,-76.74175038748243
665,Elena,Quispe,21998528,-11.936879954722322,-76.73918001566608
666,Pedro,Quispe,37598989,-11.91914491219863,-76.7121083192539
667,Elena,Ramírez,56326755,-11.934371555216751,-76.73689636436512
668,Hugo,Vargas,80456502,-11.911229837514872,-76.68503453867352
669,Camila,Reyes,78644777,-11.905424664846977,-76.69207908949564
670,Pedro,Quispe,82868629,-11.919164600409657,-76.71043802431235
671,Ana,Flores,91059532,-11.91447103349973,-76.70636048623543
672,Camila,Ramírez,38894325,-11.921179456299331,-76.711679961824
673,Camila,Vargas,16147305,-11.917573030482002,-76.71046554280193
674,Jorge,Mendoza,19743242,-11.920449095456505,-76.70655301551714
675,Jorge,Vargas,86170974,-11.907907532953027,-76.68594509950178
676,Pedro,Rojas,66419915,-11.906271121485855,-76.687019729756
677,Hugo,Vargas,64394717,-11.937486315190002,-76.73850507920486
678,Carlos,Ramírez,10203676,-11.920717076751043,-76.70858990040777
679,María,Torres,94372091,-11.920565973954087,-76.70836655450438
680,Luis,Reyes,38287147,-11.911933616553213,-76.6945893843982
681,Carlos,Vargas,68249961,-11.939677724078857,-76.74398207078303
682,Luis,Vargas,78913420,-11.907531343439318,-76.6872111874113
683,Hugo,Torres,94771686,-11.936880533200695,-76.7425477347905
684,Camila,Torres,16768138,-11.921331565299916,-76.71578958136918
685,Ana,Ramírez,36528603,-11.920674014584279,-76.70620058911518
686,Camila,Rojas,36700210,-11.939067705266387,-76.74081155805504
687,Elena,Mendoza,54934767,-11.92115723612415,-76.71355402564777
688,Pedro,Torres,13425105,-11.909326978862978,-76.68870696780284
689,Pedro,Pérez,25900152,-11.92003718148667,-76.71536494624851
690,Elena,Mendoza,98215715,-11.937871737046981,-76.74189216966167
691,Hugo,Vargas,93309884,-11.912024014690932,-76.68448164636743
692,Pedro,Vargas,28907183,-11.908453295626668,-76.68931745868193
693,Pedro,Flores,46243426,-11.937673799171813,-76.74013950099913
694,Hugo,Rojas,34204067,-11.917672759969296,-76.7083392721226
695,Hugo,Vargas,68155379,-11.935382831230546,-76.74245475483065
696,Hugo,García,54901424,-11.917999097983387,-76.71146846095462
697,María,Mendoza,16271021,-11.906165257303575,-76.68842297294538
698,Lucía,Pérez,47206845,-11.917739967468671,-76.71473065893602
699,Lucía,Quispe,30345863,-11.936154896885412,-76.74294516484888
700,Elena,Rojas,77673897,-11.919302347395474,-76.71442873838704
701,Camila,Reyes,59182108,-11.935463410823806,-76.74214373097547
702,Lucía,Pérez,33242388,-11.918865125014497,-76.70614757744619
703,Elena,Flores,53922111,-11.92036546893281,-76.71041414429645
704,Carlos,Ramírez,84114150,-11.937645826710671,-76.74383688363059
705,Lucía,Quispe,36245223,-11.906865176977844,-76.69517144912422
706,Camila,Pérez,39850681,-11.937205959832184,-76.73895389534555
707,Elena,Flores,94176239,-11.935972588347083,-76.73780231533622
708,María,Pérez,25962095,-11.91997382093182,-76.71589023345675
709,Hugo,Quispe,61615895,-11.935212450701162,-76.73917909060587
710,Hugo,Rojas,80919105,-11.915311058374343,-76.70696472800809
711,Pedro,Rojas,66136871,-11.915253390657696,-76.71066395874023
712,Jorge,Reyes,57457377,-11.919330972833306,-76.7072928597715
713,María,Pérez,14700903,-11.937389647095767,-76.74234902023237
714,Elena,Torres,59439460,-11.915160207843508,-76.70629184135551
715,Elena,Mendoza,73493730,-11.93726952195088,-76.74331870245422
716,Elena,Pérez,94275382,-11.918897391280664,-76.70716108574591
717,Jorge,Reyes,92412819,-11.93378580777163,-76.74216874531753
718,Jorge,Mendoza,55136666,-11.940464211103798,-76.7361038459218
719,Carlos,Quispe,53172599,-11.918884760488169,-76.71004062939305
720,Carlos,Reyes,83731736,-11.933255473503595,-76.74340091744877
